City Name,Lat,Lon,Max Temperature,Humidity,Cloudiness,Wind Speed,Country,Date
Egvekinot,66.3167,-179.1667,-12.04,82,100,4.67,RU,1618360937
Inzhavino,52.3185,42.4937,8.23,67,84,3.62,RU,1618360938
Bluff,-46.6,168.3333,12.22,88,100,3.13,NZ,1618360938
São Filipe,14.8961,-24.4956,24.59,61,0,3.73,CV,1618360939
Westport,41.1415,-73.3579,10.0,66,1,3.6,US,1618360718
Ushuaia,-54.8,-68.3,7.0,81,90,9.26,AR,1618360939
Aykhal,66.0,111.5,-7.37,92,72,3.28,RU,1618360940
Punta Arenas,-53.15,-70.9167,10.0,81,100,5.14,CL,1618360940
Norman Wells,65.282,-126.8329,6.0,39,20,4.63,CA,1618360941
Takoradze,4.8845,-1.7554,26.88,84,79,2.49,GH,1618360941
George Town,5.4112,100.3354,27.0,88,20,1.54,MY,1618360720
Lebu,-37.6167,-73.65,14.23,94,37,4.7,CL,1618360942
Albany,42.6001,-73.9662,15.0,56,99,1.35,US,1618360943
Busselton,-33.65,115.3333,12.78,94,93,0.89,AU,1618360944
Vaini,-21.2,-175.2,27.0,74,20,3.09,TO,1618360944
Cap Malheureux,-19.9842,57.6142,26.11,80,34,2.68,MU,1618360945
Pitimbu,-7.4706,-34.8086,24.0,100,75,2.06,BR,1618360945
Narsaq,60.9167,-46.05,2.0,69,0,1.03,GL,1618360945
Mago,53.2514,140.1822,-4.79,92,100,7.66,RU,1618360946
Palmer,42.1584,-72.3287,16.0,48,90,2.06,US,1618360918
Hobart,-42.8794,147.3294,17.22,55,40,12.86,AU,1618360757
Thompson,55.7435,-97.8558,-3.0,46,40,5.14,CA,1618360947
Skjold,55.7971,9.9397,1.67,82,57,4.7,DK,1618360947
Kenai,60.5544,-151.2583,7.0,65,75,3.09,US,1618360948
Jamestown,42.097,-79.2353,11.0,54,1,0.96,US,1618360712
Kapaa,22.0752,-159.319,26.0,57,20,8.75,US,1618360949
Batticaloa,7.7102,81.6924,26.18,81,100,1.85,LK,1618360950
Pierre,44.3683,-100.351,3.33,44,90,9.77,US,1618360950
East London,-33.0153,27.9116,21.93,77,71,1.18,ZA,1618360950
Talnakh,69.4865,88.3972,-7.25,95,100,2.46,RU,1618360951
Lüderitz,-26.6481,15.1594,25.07,29,0,2.66,NA,1618360952
Malanje,-9.5402,16.341,16.97,98,99,1.27,AO,1618360952
Bambous Virieux,-20.3428,57.7575,26.11,88,75,4.12,MU,1618360953
New Norfolk,-42.7826,147.0587,16.67,81,99,2.68,AU,1618360953
Barrow,71.2906,-156.7887,-13.0,66,1,4.12,US,1618360847
Banda Aceh,5.5577,95.3222,26.83,75,100,3.74,ID,1618360954
Hadejia,12.4498,10.0444,28.83,7,6,4.15,NG,1618360806
Castro,-24.7911,-50.0119,14.53,97,20,2.96,BR,1618360955
Port Elizabeth,-33.918,25.5701,19.0,100,90,3.6,ZA,1618360955
Hermanus,-34.4187,19.2345,18.79,75,0,2.53,ZA,1618360956
Yellowknife,62.456,-114.3525,2.22,75,90,3.09,CA,1618360909
Ossora,59.2353,163.0719,-9.21,82,88,2.26,RU,1618360956
Vung Tau,10.346,107.0843,27.84,77,51,4.52,VN,1618360957
Bethel,41.3712,-73.414,14.0,58,1,1.2,US,1618360958
Boddam,57.4667,-1.7833,2.78,86,100,1.03,GB,1618360958
Beringovskiy,63.05,179.3167,-9.47,79,94,6.97,RU,1618360958
Grand Gaube,-20.0064,57.6608,26.11,80,32,2.68,MU,1618360959
Iralaya,15.0,-83.2333,28.0,78,75,2.57,HN,1618360959
Rikitea,-23.1203,-134.9692,25.38,66,9,2.94,PF,1618360960
Bundaberg,-24.85,152.35,24.0,50,0,4.63,AU,1618360960
Trairi,-3.2778,-39.2689,24.9,92,89,2.94,BR,1618360925
Sechura,-5.5569,-80.8222,22.96,67,100,7.03,PE,1618360961
Mataura,-46.1927,168.8643,12.22,88,100,3.13,NZ,1618360962
Payo,-3.7508,103.6372,22.34,89,100,0.34,ID,1618360962
Puerto Ayora,-0.7393,-90.3518,25.0,95,21,1.79,EC,1618360963
Kavieng,-2.5744,150.7967,28.84,68,13,4.52,PG,1618360963
Kalianget,-7.05,113.9333,27.68,73,6,1.14,ID,1618360964
Ponoka,52.6768,-113.5815,7.0,24,13,3.6,CA,1618360934
Beloha,-25.1667,45.05,21.61,89,2,4.52,MG,1618360964
Guaymas,27.9333,-110.9,27.0,44,20,5.14,MX,1618360881
Butaritari,3.0707,172.7902,27.9,77,72,4.7,KI,1618360965
Iqaluit,63.7506,-68.5145,-9.0,79,40,10.8,CA,1618360965
Sheridan,44.8333,-106.9173,1.11,51,90,9.77,US,1618360684
Bredasdorp,-34.5322,20.0403,17.0,88,0,1.03,ZA,1618360967
Mar del Plata,-38.0023,-57.5575,18.89,72,0,3.58,AR,1618360967
Cockburn Town,21.4612,-71.1419,25.0,73,40,5.14,TC,1618360968
‘Āhuimanu,21.4447,-157.8378,28.0,53,40,4.63,US,1618360968
Port Alfred,-33.5906,26.891,21.11,89,78,2.16,ZA,1618360969
Leningradskiy,69.3833,178.4167,-14.02,82,98,4.1,RU,1618360969
Mount Gambier,-37.8333,140.7667,17.0,67,75,10.29,AU,1618360970
Mitsamiouli,-11.3847,43.2844,27.18,74,100,3.74,KM,1618360970
Shenjiamen,29.9576,122.298,11.61,69,100,6.03,CN,1618360971
Muros,42.7762,-9.0603,10.56,93,100,1.77,ES,1618360971
Kununurra,-15.7667,128.7333,28.0,61,8,1.54,AU,1618360972
Celestún,20.8667,-90.4,27.98,72,0,6.75,MX,1618360972
Tuktoyaktuk,69.4541,-133.0374,-5.0,80,20,2.57,CA,1618360973
Ugoofaaru,5.6667,73.0,28.35,68,83,1.22,MV,1618360973
Sitka,57.0531,-135.33,7.0,76,90,6.69,US,1618360974
Waingapu,-9.6567,120.2641,27.59,75,6,2.56,ID,1618360974
Timizart,36.8,4.2667,11.3,71,100,3.96,DZ,1618360975
Lagoa,39.05,-27.9833,15.69,92,11,6.97,PT,1618360975
Ambilobe,-13.2,49.05,22.06,94,100,1.67,MG,1618360975
Scottsbluff,41.8666,-103.6672,8.0,25,90,4.63,US,1618360976
Laguna,38.421,-121.4238,22.0,28,1,6.17,US,1618360976
Half Moon Bay,37.4636,-122.4286,14.0,71,20,5.66,US,1618360977
Tura,25.5198,90.2201,25.76,44,0,2.1,IN,1618360977
Talā,30.6803,30.9429,10.41,79,0,2.75,EG,1618360978
Nabire,-3.3667,135.4833,29.97,61,80,2.32,ID,1618360978
Atuona,-9.8,-139.0333,27.28,71,100,7.53,PF,1618360979
Ponta do Sol,32.6667,-17.1,16.11,70,24,2.68,PT,1618360979
Salalah,17.0151,54.0924,25.0,78,0,1.54,OM,1618360980
Arlit,18.7369,7.3853,30.37,7,0,4.19,NE,1618360980
Avarua,-21.2078,-159.775,28.0,65,17,2.06,CK,1618360981
Beira,-19.8436,34.8389,25.0,83,20,2.88,MZ,1618360981
Lázaro Cárdenas,17.9583,-102.2,25.34,70,2,4.04,MX,1618360982
Carutapera,-1.195,-46.02,24.99,92,100,2.97,BR,1618360982
Tuatapere,-46.1333,167.6833,12.22,88,99,3.13,NZ,1618360982
Varangaon,21.0167,75.9,29.82,27,83,1.53,IN,1618360983
Mahébourg,-20.4081,57.7,25.0,88,75,4.12,MU,1618360983
Nago,26.5881,127.9761,21.0,83,90,5.14,JP,1618360984
Hilo,19.7297,-155.09,27.0,54,1,4.63,US,1618360735
Provideniya,64.3833,-173.3,-6.0,79,90,6.0,RU,1618360985
Anantnag,33.7333,75.15,9.22,79,100,0.41,IN,1618360985
São José da Coroa Grande,-8.8978,-35.1478,25.41,86,44,2.58,BR,1618360986
Bilma,18.6853,12.9164,27.77,8,0,4.55,NE,1618360986
Pagani,40.7515,14.6133,11.11,74,42,0.45,IT,1618360986
Nikolskoye,59.7035,30.7861,4.44,75,75,6.0,RU,1618360987
Macao,22.2006,113.5461,27.0,88,40,2.57,MO,1618360987
Richards Bay,-28.783,32.0377,20.9,95,5,2.36,ZA,1618360917
Ilulissat,69.2167,-51.1,-4.0,86,90,5.66,GL,1618360988
Ayan,56.45,138.1667,-7.5,88,100,10.42,RU,1618360989
Avera,33.194,-82.5271,22.0,49,1,1.54,US,1618360990
São João da Barra,-21.6403,-41.0511,22.28,76,43,6.04,BR,1618360921
Saskylakh,71.9167,114.0833,-6.15,85,97,1.64,RU,1618360991
Berja,36.8469,-2.9497,15.56,72,0,3.09,ES,1618360991
Tucumcari,35.1717,-103.725,18.0,17,1,5.66,US,1618360780
Severo-Kuril'sk,50.6789,156.125,4.45,89,100,11.6,RU,1618360992
Philadelphia,39.9523,-75.1638,16.0,41,40,1.1,US,1618360823
Tiksi,71.6872,128.8694,-6.65,75,97,4.22,RU,1618360993
Benguela,-12.5763,13.4055,25.86,89,32,1.08,AO,1618360993
Oussouye,12.485,-16.5469,24.0,83,0,1.03,SN,1618360994
Saint-Philippe,-21.3585,55.7679,25.0,78,0,3.6,RE,1618360994
Hambantota,6.1241,81.1185,24.0,100,20,1.03,LK,1618360995
Hithadhoo,-0.6,73.0833,28.08,64,83,2.76,MV,1618360995
Asău,46.4333,26.4,7.22,58,100,1.3,RO,1618360996
Umluj,25.0213,37.2685,21.9,52,17,5.71,SA,1618360997
Waitati,-45.75,170.5667,12.22,94,100,9.39,NZ,1618360997
Isangel,-19.55,169.2667,30.0,79,20,1.54,VU,1618360998
Saldanha,-33.0117,17.9442,16.0,67,5,1.54,ZA,1618360998
Shibata,37.95,139.3333,10.0,81,75,5.14,JP,1618360998
Bariloche,-41.1456,-71.3082,15.0,58,0,2.06,AR,1618360879
Hong Kong,22.2855,114.1577,26.11,82,82,0.45,HK,1618360808
Cape Town,-33.9258,18.4232,18.89,94,40,5.14,ZA,1618360702
Dillon,34.4166,-79.3712,18.89,55,1,1.9,US,1618361000
Saint George,37.1041,-113.5841,27.0,9,1,15.43,US,1618361000
Hasaki,35.7333,140.8333,20.0,88,75,5.14,JP,1618361001
Ostrovnoy,68.0531,39.5131,1.51,83,100,11.68,RU,1618361001
Luba,3.4568,8.5547,26.37,82,99,5.38,GQ,1618361002
Namtsy,62.7161,129.6658,-12.0,72,0,1.0,RU,1618361002
Airai,-8.9266,125.4092,21.31,55,4,1.39,TL,1618361003
Bacolod City,10.6667,122.95,29.28,66,53,3.47,PH,1618361003
Kavaratti,10.5669,72.642,27.93,71,49,0.76,IN,1618361003
Naberera,-4.2,36.9333,15.48,96,100,2.11,TZ,1618361004
Ahipara,-35.1667,173.1667,17.85,73,48,9.32,NZ,1618361004
Kahului,20.8947,-156.47,26.0,57,40,8.75,US,1618360994
Gambēla,8.25,34.5833,25.59,58,71,1.37,ET,1618361005
Anadyr,64.75,177.4833,-11.0,79,75,6.0,RU,1618361006
Buy,58.4786,41.53,8.34,78,94,3.05,RU,1618361006
Labuhan,-6.8844,112.2051,26.95,78,6,1.94,ID,1618361006
Havelock,34.8791,-76.9013,16.11,76,25,2.43,US,1618360804
Safaga,26.7292,33.9365,18.0,34,0,3.09,EG,1618361007
Jizan,17.3333,42.6667,27.0,78,0,2.06,SA,1618361008
Saint-Pierre,-21.3393,55.4781,25.0,78,0,3.6,RE,1618361008
Grandview,38.8858,-94.533,14.0,33,1,4.12,US,1618361009
Cidreira,-30.1811,-50.2056,20.62,63,0,4.02,BR,1618361009
Daniel Flores,9.3355,-83.6694,23.29,90,100,0.88,CR,1618361010
Bemidji,47.4736,-94.8803,1.67,100,90,4.63,US,1618361010
Hvide Sande,56.0045,8.1294,3.89,79,67,1.79,DK,1618361011
Coyhaique,-45.5752,-72.0662,16.0,72,75,2.07,CL,1618361011
Broome,42.2506,-75.833,14.0,47,1,2.06,US,1618361012
Skellefteå,64.7507,20.9528,-4.0,93,18,3.6,SE,1618360870
Iquitos,-3.7481,-73.2472,24.0,94,90,2.06,PE,1618361013
Carnarvon,-24.8667,113.6333,21.32,44,0,10.85,AU,1618361013
Pleasant Point,-44.2667,171.1333,16.67,57,53,1.34,NZ,1618361014
Aklavik,68.2191,-135.0107,6.0,39,95,1.54,CA,1618361014
Gimli,50.6336,-96.9907,-2.0,93,100,9.26,CA,1618360935
Saint Paul Harbor,57.79,-152.4072,4.0,87,90,7.2,US,1618360873
Talakan,50.3167,130.3667,-3.2,37,100,5.74,RU,1618361015
Klaksvík,62.2266,-6.589,4.0,93,90,4.12,FO,1618361016
Perth,-31.9333,115.8333,16.11,72,0,2.57,AU,1618360806
Apricena,41.7839,15.4437,7.0,93,75,5.14,IT,1618361016
Sompeta,18.9333,84.6,27.17,75,63,3.88,IN,1618361017
Meulaboh,4.1363,96.1285,25.51,83,88,1.96,ID,1618361017
Xiongzhou,25.1167,114.3,21.19,86,90,1.74,CN,1618361018
Pevek,69.7008,170.3133,-19.12,85,90,0.78,RU,1618361018
Kushima,31.4583,131.2333,15.0,47,75,7.2,JP,1618361019
Mae Sot,16.7167,98.5667,26.0,83,20,1.54,TH,1618361019
Mount Isa,-20.7333,139.5,30.0,26,0,4.12,AU,1618361003
Ixtapa,20.7,-105.2,27.0,65,1,4.12,MX,1618361020
San Cristobal,7.7669,-72.225,31.0,51,40,3.6,VE,1618360482
Guangyuan,32.442,105.823,15.0,99,100,2.68,CN,1618361021
Puyang,29.4603,119.8861,15.56,99,100,1.94,CN,1618361021
Matam,15.6175,-13.3303,35.0,18,0,3.09,SN,1618361022
Guerrero Negro,27.9769,-114.0611,15.86,70,48,8.64,MX,1618361022
Stokmarknes,68.5646,14.9108,2.22,88,100,3.58,NO,1618361022
Geraldton,-28.7667,114.6,17.0,59,0,6.69,AU,1618361023
Abu Dhabi,24.4667,54.3667,29.0,28,0,1.03,AE,1618360937
Puerto Escondido,15.85,-97.0667,29.0,70,1,3.6,MX,1618361024
Xining,36.6167,101.7667,2.91,64,100,0.13,CN,1618361024
Kiunga,-6.1219,141.2906,29.91,62,98,0.91,PG,1618361025
Cururupu,-1.8283,-44.8683,24.1,95,100,1.68,BR,1618360892
Chui,-33.6971,-53.4616,15.05,76,0,1.4,UY,1618361025
Warrnambool,-38.3833,142.4833,15.0,88,91,4.02,AU,1618361026
Ribeira Grande,38.5167,-28.7,16.17,92,84,5.75,PT,1618361026
Bud,39.447,-86.1758,16.0,33,1,3.6,US,1618361027
Williston,48.147,-103.618,-3.33,82,100,1.34,US,1618360935
Āzādshahr,34.7909,48.5707,10.49,43,33,2.83,IR,1618361027
Mayumba,-3.432,10.6554,25.32,90,100,1.69,GA,1618361028
Agadez,19.75,10.25,27.09,9,0,3.31,NE,1618361028
Soyo,-6.1349,12.3689,25.55,86,100,2.71,AO,1618361029
Tolaga Bay,-38.3667,178.3,20.78,45,0,1.96,NZ,1618361029
Anloga,5.7947,0.8973,28.0,78,20,1.03,GH,1618361030
Manggar,-2.8833,108.2667,27.8,73,95,1.76,ID,1618361030
Clyde River,70.4692,-68.5914,-16.0,78,90,2.57,CA,1618361031
Raja,8.4596,25.678,22.43,61,63,1.58,SS,1618361031
Vitim,59.4511,112.5578,-1.81,91,98,2.95,RU,1618361032
Spirit River,55.7833,-118.8361,8.0,39,100,2.57,CA,1618361032
Charters Towers,-20.1,146.2667,26.57,49,5,6.03,AU,1618360928
Nome,64.5011,-165.4064,1.11,86,90,4.12,US,1618361033
Mossamedes,-15.1961,12.1522,26.64,62,11,0.48,AO,1618361033
Port Blair,11.6667,92.75,28.15,71,95,0.45,IN,1618361034
High Level,58.5169,-117.136,9.0,37,75,1.79,CA,1618361034
Hay River,60.8156,-115.7999,9.0,40,100,4.63,CA,1618361035
Talas,38.6908,35.5538,-2.0,100,0,1.03,TR,1618361035
Itapirapuã,-15.8233,-50.6133,22.97,64,99,1.26,BR,1618361036
Pareora,-44.4871,171.2132,16.67,57,72,1.34,NZ,1618361036
Balabanovo,55.1816,36.6606,13.0,43,0,2.0,RU,1618361037
Saint-Augustin,51.226,-58.6502,2.19,75,17,3.55,CA,1618361037
Bathsheba,13.2167,-59.5167,27.0,69,40,6.17,BB,1618361038
Māngrol,21.1167,70.1167,25.79,52,3,4.38,IN,1618361038
Boundiali,9.5217,-6.4869,28.09,50,58,4.19,CI,1618361038
Port Hardy,50.6996,-127.4199,13.0,54,75,2.06,CA,1618361039
Honningsvåg,70.9821,25.9704,-0.04,63,100,9.19,NO,1618361039
Qaanaaq,77.484,-69.3632,-23.37,95,99,1.96,GL,1618361040
Nishihara,26.1842,127.7558,22.0,78,75,7.2,JP,1618361040
Lorengau,-2.0226,147.2712,29.66,64,68,4.96,PG,1618361041
Semenivka,52.1783,32.5818,8.23,90,94,2.47,UA,1618361041
Romanovka,51.7443,42.7527,8.62,65,84,4.14,RU,1618361042
Torrevieja,37.9787,-0.6822,14.44,79,100,0.89,ES,1618361042
Cherskiy,68.75,161.3,-14.48,71,57,1.49,RU,1618361043
Dingle,10.9995,122.6711,29.64,63,32,3.31,PH,1618361043
Rome,43.2128,-75.4557,16.0,39,20,1.54,US,1618361044
Yangi Marg`ilon,40.4272,71.7189,9.0,61,10,2.06,UZ,1618361044
Lompoc,34.6391,-120.4579,14.0,62,40,5.14,US,1618360864
Nelson Bay,-32.7167,152.15,22.22,52,0,3.6,AU,1618361045
Esperance,-33.8667,121.9,14.0,88,75,4.63,AU,1618361045
Zunyi,27.6867,106.9072,13.14,89,100,2.01,CN,1618361046
Khatanga,71.9667,102.5,-4.37,94,100,5.82,RU,1618361046
Champerico,14.3,-91.9167,31.0,66,75,3.09,GT,1618361047
Lichuan,30.3,108.85,9.02,96,100,1.14,CN,1618361047
Wakkanai,45.4094,141.6739,4.0,52,40,11.83,JP,1618361048
Tautira,-17.7333,-149.15,30.0,66,75,6.17,PF,1618361048
Arraial do Cabo,-22.9661,-42.0278,24.0,69,75,4.12,BR,1618360903
Constitución,-35.3333,-72.4167,14.11,84,37,3.99,CL,1618361049
Luebo,-5.35,21.4167,19.94,98,84,0.52,CD,1618360823
Altamont,42.2068,-121.7372,11.0,24,75,8.75,US,1618361050
Potsdam,52.3989,13.0657,2.78,81,100,3.44,DE,1618361050
Havre-St-Pierre,50.2334,-63.5986,1.0,80,1,2.57,CA,1618361047
Te Anau,-45.4167,167.7167,11.73,84,78,0.79,NZ,1618361051
Kruisfontein,-34.0033,24.7314,19.44,96,57,2.44,ZA,1618361052
Reconquista,-29.15,-59.65,17.58,74,87,1.99,AR,1618361053
Berlevåg,70.8578,29.0864,-2.24,66,100,5.2,NO,1618361053
Pangnirtung,66.1451,-65.7125,-9.11,98,100,1.23,CA,1618361054
Kologriv,58.8275,44.3178,6.07,89,58,2.76,RU,1618361054
Oistins,13.0667,-59.5333,27.0,69,40,6.17,BB,1618360832
Esso,55.9333,158.7,-4.13,90,100,3.82,RU,1618361055
Lamar,33.6668,-95.5836,26.0,47,1,3.09,US,1618361055
Cabo San Lucas,22.8909,-109.9124,26.67,47,1,4.12,MX,1618361056
Deputatsky,69.3,139.9,-15.55,82,5,1.72,RU,1618361056
Longyearbyen,78.2186,15.6401,-15.0,61,20,7.2,SJ,1618360987
Kudahuvadhoo,2.6708,72.8944,28.16,69,99,3.95,MV,1618361057
Beroroha,-21.6667,45.1667,21.87,77,44,1.39,MG,1618361057
Dunedin,-45.8742,170.5036,12.22,89,100,1.79,NZ,1618361058
Estrela,-28.0611,-50.9383,12.64,81,86,2.05,BR,1618361058
Tsimmerbude,54.675,20.1347,1.11,100,100,2.0,RU,1618361059
Tasiilaq,65.6145,-37.6368,-2.0,80,42,4.12,GL,1618361059
Sistranda,63.7256,8.834,2.0,93,75,11.83,NO,1618361060
Amapá,1.0,-52.0,22.12,99,100,0.41,BR,1618361060
Chara,56.9064,118.2631,-9.33,77,100,0.85,RU,1618361061
Poum,-20.2333,164.0167,25.71,83,100,7.37,NC,1618361061
Lobito,-12.3481,13.5456,26.12,88,22,1.43,AO,1618361062
Eirunepé,-6.6603,-69.8736,22.91,97,54,1.05,BR,1618361062
Vallenar,-28.5708,-70.7581,19.06,64,0,0.81,CL,1618361062
Taunggyi,20.7833,97.0333,22.32,53,2,1.2,MM,1618361063
La Ronge,55.1001,-105.2842,3.0,20,14,2.57,CA,1618361063
Bereda,43.2686,-7.5406,9.44,100,22,0.45,ES,1618361064
Fortuna,40.5982,-124.1573,15.56,58,1,6.69,US,1618361064
Natal,-5.795,-35.2094,28.0,78,20,3.6,BR,1618360932
Vestmannaeyjar,63.4427,-20.2734,6.69,88,97,3.1,IS,1618361065
Dikson,73.5069,80.5464,-19.26,95,85,5.1,RU,1618361065
Cayenne,4.9333,-52.3333,27.22,89,20,1.54,GF,1618361066
Codrington,-38.2667,141.9667,16.59,65,42,10.19,AU,1618361066
Camacupa,-12.0167,17.4833,16.96,89,100,0.45,AO,1618361067
Zhigansk,66.7697,123.3711,-7.43,88,100,9.47,RU,1618361067
Victor Harbor,-35.5667,138.6167,18.33,60,28,0.45,AU,1618361068
Saquarema,-22.92,-42.5103,24.0,69,75,4.12,BR,1618361069
Farafangana,-22.8167,47.8333,22.03,90,99,1.63,MG,1618361069
Plettenberg Bay,-34.0527,23.3716,18.11,78,5,1.89,ZA,1618361069
Arrondissement de Beaune,47.0833,4.75,3.0,64,0,4.12,FR,1618361070
Russell,32.3502,-85.1999,27.0,68,1,1.89,US,1618361070
The Valley,18.217,-63.0578,27.0,83,20,1.54,AI,1618361071
Muli,2.9167,73.5667,28.46,69,96,4.14,MV,1618361071
Sakassou,7.4546,-5.2926,20.0,100,40,3.09,CI,1618361072
Buraidah,26.326,43.975,23.0,60,90,8.23,SA,1618361073
Monster,52.0258,4.175,3.33,75,14,1.03,NL,1618361073
Goedereede,51.8175,3.9806,5.0,77,26,1.09,NL,1618361074
Yulara,-25.2406,130.9889,22.0,60,99,6.69,AU,1618361074
Juneau,58.3019,-134.4197,5.0,87,90,6.17,US,1618361055
Abū Zabad,12.35,29.25,23.48,6,99,4.66,SD,1618361075
Marsabit,2.3284,37.9899,19.38,75,98,3.24,KE,1618361075
Kinkala,-4.3614,14.7644,24.0,94,20,2.06,CG,1618361076
Forsytheganj,52.6333,29.7333,9.08,87,100,2.05,BY,1618361076
Xichang,27.8964,102.2634,16.83,58,14,0.86,CN,1618361077
Noumea,-22.2763,166.4572,26.11,88,90,8.23,NC,1618361077
Bandarbeyla,9.4942,50.8122,25.88,75,68,3.05,SO,1618361078
Kemijärvi,66.7131,27.4306,-1.61,94,100,4.33,FI,1618361078
Camargo,27.6667,-105.1667,28.73,7,0,1.97,MX,1618361079
Upernavik,72.7868,-56.1549,-15.11,95,100,4.04,GL,1618361080
Ivolginsk,51.7492,107.2837,3.0,56,75,5.0,RU,1618361080
Rāwah,34.4816,41.9093,13.65,43,5,3.4,IQ,1618361047
Dūngarpur,23.8333,73.7167,29.93,15,100,3.91,IN,1618361081
Bahía de Caráquez,-0.6,-80.4167,28.0,74,40,2.06,EC,1618361081
Flinders,-34.5833,150.8552,21.67,54,63,1.34,AU,1618361082
Aloleng,16.1307,119.7824,28.84,64,82,0.7,PH,1618361082
Pisco,-13.7,-76.2167,19.0,82,0,7.72,PE,1618361083
Namatanai,-3.6667,152.4333,28.63,65,40,2.76,PG,1618361083
Nyurba,63.2842,118.3319,-3.82,93,100,2.63,RU,1618361084
Haines Junction,60.7522,-137.5108,6.0,49,89,3.6,CA,1618361055
Nahrin,36.0649,69.1334,14.14,62,100,0.75,AF,1618361085
Katsuura,35.1333,140.3,19.0,94,75,6.69,JP,1618361085
Vite,17.2833,74.55,24.27,57,6,4.9,IN,1618361086
Niamey,13.5137,2.1098,32.0,8,0,1.03,NE,1618361086
Okhotsk,59.3833,143.3,-8.56,75,100,4.59,RU,1618361087
Grindavik,63.8424,-22.4338,4.0,100,75,3.6,IS,1618361087
Porto-Novo,6.4965,2.6036,29.0,79,40,1.54,BJ,1618361088
Bose,45.4612,8.0137,5.56,53,1,0.45,IT,1618361088
Dwārka,22.2394,68.9678,26.2,68,0,7.04,IN,1618361089
Hamilton,39.1834,-84.5333,17.0,42,20,2.06,US,1618360723
Bengkulu,-3.8004,102.2655,25.25,86,100,1.36,ID,1618360824
Bilibino,68.0546,166.4372,-13.71,53,82,0.39,RU,1618361090
Saint-François,46.4154,3.9054,-0.56,80,0,1.0,FR,1618361090
Río Gallegos,-51.6226,-69.2181,14.0,54,40,13.89,AR,1618361091
Kenitra,34.261,-6.5802,19.0,77,100,1.54,MA,1618361092
Kitgum,3.2783,32.8867,18.15,97,100,0.47,UG,1618361092
Ouahigouya,13.5828,-2.4216,32.14,14,65,4.73,BF,1618361093
Ifanadiana,-21.3,47.6333,18.8,98,100,0.85,MG,1618361093
Kipushi,-11.7667,27.2333,14.83,98,97,2.02,CD,1618361093
Faanui,-16.4833,-151.75,28.0,73,100,6.84,PF,1618361094
Harper,4.375,-7.7169,26.95,84,89,2.32,LR,1618361094
Olafsvik,64.8945,-23.7142,4.98,92,37,5.1,IS,1618361095
Puri,19.8,85.85,26.0,100,40,1.03,IN,1618360806
Corinth,37.9407,22.9573,11.67,45,91,0.45,GR,1618361096
Stornoway,58.2093,-6.3865,0.0,93,74,0.51,GB,1618361096
Balotra,25.8333,72.2333,24.73,22,22,1.66,IN,1618361097
Port Lincoln,-34.7333,135.8667,17.39,56,98,7.15,AU,1618361097
Casper,42.8666,-106.3131,2.78,35,1,7.2,US,1618361097
Chiriquí Grande,8.95,-82.1167,26.67,86,100,1.19,PA,1618361098
Rawson,-43.3002,-65.1023,19.72,52,9,7.76,AR,1618361098
Kupang,-10.1667,123.5833,27.54,68,9,1.3,ID,1618361099
Utete,-7.986,38.758,21.42,96,96,1.06,TZ,1618361099
Novoseleznëvo,55.6821,69.2056,2.31,95,99,5.73,RU,1618361100
Santa Vitória do Palmar,-33.5189,-53.3681,15.46,79,0,1.63,BR,1618361100
Bonthe,7.5264,-12.505,26.77,82,100,0.13,SL,1618361101
Acapulco de Juárez,16.8634,-99.8901,28.0,74,1,5.66,MX,1618361101
Akalkot,17.5333,76.2167,23.75,61,96,1.78,IN,1618361103
Santa Isabel,-23.3156,-46.2214,19.44,82,75,2.06,BR,1618361105
Muscle Shoals,34.7448,-87.6675,23.0,43,1,1.54,US,1618361105
Comodoro Rivadavia,-45.8667,-67.5,23.0,40,0,6.17,AR,1618361106
General Pico,-35.6566,-63.7568,15.0,71,0,3.97,AR,1618360870
Dāmghān,36.1683,54.348,15.56,47,0,0.16,IR,1618361106
Antalaha,-14.9003,50.2788,22.91,90,100,2.54,MG,1618361107
Verkhnyaya Inta,65.9811,60.3094,-0.22,97,100,1.95,RU,1618361108
Chokurdakh,70.6333,147.9167,-12.82,82,7,2.32,RU,1618361108
Port Hedland,-20.3167,118.5667,28.0,69,5,2.57,AU,1618361109
Faya,18.3851,42.4509,15.0,72,0,1.28,SA,1618361109
Ust-Maya,60.4167,134.5333,-5.82,80,40,1.27,RU,1618361110
Safi,32.2994,-9.2372,17.22,93,100,7.63,MA,1618361110
Los Llanos de Aridane,28.6585,-17.9182,20.0,77,0,2.06,ES,1618361111
Kismayo,-0.3582,42.5454,27.41,77,46,4.36,SO,1618361112
Cartagena,10.3997,-75.5144,28.0,83,75,5.14,CO,1618361088
Vangaindrano,-23.35,47.6,21.26,92,44,1.37,MG,1618361112
Wiwilí,13.6268,-85.8254,24.48,83,49,0.96,NI,1618361113
Jumla,29.2747,82.1838,9.09,45,40,2.01,NP,1618361113
Preobrazheniye,42.9019,133.9064,3.37,35,6,4.16,RU,1618361114
Qaqortoq,60.7167,-46.0333,2.0,69,1,1.03,GL,1618361114
Morant Bay,17.8815,-76.4093,27.0,83,20,4.12,JM,1618361115
Anzio,41.4853,12.6179,7.78,90,28,0.89,IT,1618361115
Pangkalanbuun,-2.6833,111.6167,24.11,92,100,0.68,ID,1618361115
Kaitangata,-46.2817,169.8464,11.51,90,100,2.78,NZ,1618361116
Fontem,5.4685,9.8818,19.2,96,100,0.19,CM,1618361116
Cap-aux-Meules,47.3821,-61.8597,2.0,87,54,10.8,CA,1618360921
Praia da Vitória,38.7333,-27.0667,16.11,88,0,4.89,PT,1618361117
Vigía del Fuerte,6.5789,-76.8863,24.59,96,100,0.53,CO,1618361118
Carmo,-21.9336,-42.6086,17.27,95,11,1.49,BR,1618361118
Borås,57.721,12.9401,0.0,80,0,1.03,SE,1618361119
Karratha,-20.7377,116.8463,28.14,65,99,6.37,AU,1618361120
Sørland,67.667,12.6934,3.15,62,100,10.13,NO,1618361120
Schinnen,50.9433,5.8889,2.0,75,7,1.54,NL,1618361120
Porto União,-26.2381,-51.0783,14.14,98,98,0.94,BR,1618361121
Coquimbo,-29.9533,-71.3436,14.0,88,90,0.46,CL,1618360875
Estevan,49.1334,-102.9842,-5.0,86,90,8.23,CA,1618361122
Amos,48.5669,-78.1162,13.0,67,90,1.03,CA,1618361103
Mahibadhoo,3.7833,72.9667,27.47,74,71,3.14,MV,1618361122
San Quintín,30.4833,-115.95,15.21,71,100,7.24,MX,1618361123
Metu,8.3,35.5833,15.44,88,100,0.96,ET,1618361123
Dabou,5.3256,-4.3769,29.0,79,20,2.06,CI,1618361124
Erdenet,49.0333,104.0833,-3.16,88,100,7.48,MN,1618361125
Teknāf,20.8624,92.3058,25.08,78,61,1.54,BD,1618361125
Redcar,54.6166,-1.06,1.11,78,18,0.45,GB,1618361126
Bereket,39.2446,55.5154,16.95,19,0,5.71,TM,1618361126
Weligama,5.9667,80.4167,25.11,86,47,0.63,LK,1618361127
Bandarawela,6.8305,80.9888,24.0,100,20,1.03,LK,1618361127
Seoul,37.5683,126.9778,9.0,46,0,3.6,KR,1618360996
Mersing,2.4312,103.8405,24.0,94,20,2.06,MY,1618361128
Semey,50.4111,80.2275,-3.0,93,0,2.0,KZ,1618361128
Lander,42.833,-108.7307,1.11,44,90,3.09,US,1618361129
Usinsk,65.9939,57.5281,2.32,99,100,4.42,RU,1618361129
Ouallam,14.3188,2.0866,30.58,7,5,4.47,NE,1618361130
Atar,20.5169,-13.0499,25.57,17,99,5.2,MR,1618361130
Presidente Venceslau,-21.8761,-51.8439,26.0,57,0,7.2,BR,1618360976
Ust'-Kut,56.7938,105.7672,-1.12,92,100,2.14,RU,1618361131
Ladário,-19.0047,-57.6017,24.5,61,1,1.6,BR,1618360939
Le Vauclin,14.5452,-60.8388,26.0,89,20,1.54,MQ,1618361132
Chopan,24.5167,83.0333,26.14,11,0,1.73,IN,1618361133
Itarema,-2.9248,-39.9167,25.88,85,74,4.44,BR,1618361133
São Félix do Xingu,-6.6447,-51.995,22.98,94,91,0.86,BR,1618361041
Apple Valley,34.5008,-117.1859,11.67,68,6,10.73,US,1618361134
Kholodnyy,62.7167,147.95,-18.31,73,72,0.34,RU,1618361134
Mareeba,-17.0,145.4333,29.44,72,13,1.34,AU,1618361135
La Tijera,19.9,-104.4,20.55,44,0,2.79,MX,1618361135
Vardø,70.3705,31.1107,-0.26,64,100,2.66,NO,1618361136
‘Ewa Beach,21.3156,-158.0072,28.0,44,40,2.06,US,1618361136
Ixtlahuacán del Río,20.8667,-103.25,31.67,20,67,6.26,MX,1618361136
Souillac,-20.5167,57.5167,25.0,88,75,4.12,MU,1618361137
Yar-Sale,66.8333,70.8333,-10.03,92,97,3.1,RU,1618361138
Hofn,64.2539,-15.2082,4.68,49,11,3.41,IS,1618361138
Torbay,47.6666,-52.7314,2.22,100,90,9.77,CA,1618361139
Moundou,8.5667,16.0833,30.31,38,95,1.97,TD,1618361139
Villaviciosa,43.4813,-5.4357,10.0,87,20,1.54,ES,1618361140
Osias,7.6,124.8167,27.39,74,82,1.31,PH,1618361140
Podporozh'ye,60.9112,34.1706,6.74,97,100,1.86,RU,1618361141
Rafaela,-31.2503,-61.4867,18.33,47,0,2.42,AR,1618361141
Sinnamary,5.3833,-52.95,25.49,87,33,3.94,GF,1618361142
Mwene-Ditu,-7.0,23.45,18.83,96,100,1.68,CD,1618361142
Komsomol'skoye,55.2567,47.5461,7.16,67,6,2.9,RU,1618361143
North Platte,41.1239,-100.7654,12.0,26,1,6.17,US,1618361143
Balsas,-7.5325,-46.0356,26.1,73,100,0.46,BR,1618361144
Jagdalpur,19.0667,82.0333,24.19,61,70,2.44,IN,1618361144
Lewistown,40.5992,-77.5714,13.0,88,1,0.77,US,1618361145
Makkah al Mukarramah,21.4267,39.8261,23.33,40,100,2.0,SA,1618361145
Ca Mau,9.1769,105.15,29.75,66,72,1.5,VN,1618361146
Warman,52.3168,-106.5679,4.0,35,90,7.2,CA,1618361104
Nogliki,51.8333,143.1667,-2.3,82,92,10.84,RU,1618361146
Acarí,-15.4311,-74.6158,22.39,73,82,1.7,PE,1618361147
Gra Lygia,35.0167,25.6833,13.0,67,20,3.6,GR,1618361147
Mandera,3.9366,41.867,27.48,62,100,7.99,KE,1618361148
Aconibe,1.2968,10.9369,19.57,98,100,0.5,GQ,1618361148
Decatur,39.8403,-88.9548,14.0,38,1,3.6,US,1618360889
Entre Rios,-11.9419,-38.0844,21.59,97,28,1.41,BR,1618361149
Aksu,41.1231,80.2644,11.81,34,33,1.42,CN,1618361149
State College,40.7934,-77.86,13.33,74,56,0.84,US,1618361150
Naze,28.3667,129.4833,22.0,64,20,6.17,JP,1618361150
Touros,-5.1989,-35.4608,26.0,89,40,1.54,BR,1618361151
Kourou,5.1552,-52.6478,27.22,89,20,1.54,GF,1618361152
Cabo Rojo,18.0866,-67.1457,27.22,87,100,2.38,PR,1618360913
Nanortalik,60.1432,-45.2371,1.63,77,0,1.04,GL,1618361152
Fairmont,39.4851,-80.1426,16.11,45,97,1.49,US,1618361153
Lalibela,12.0333,39.0333,17.41,45,100,2.23,ET,1618361153
Buala,-8.145,159.5921,29.8,62,32,1.53,SB,1618361154
Abéché,13.8292,20.8324,26.03,7,98,6.59,TD,1618361154
Mazabuka,-15.856,27.748,15.74,82,93,2.39,ZM,1618361155
Prince Rupert,54.3161,-130.3201,10.0,66,1,3.09,CA,1618360874
Husavik,66.0449,-17.3389,5.0,60,0,8.75,IS,1618361156
Pemangkat,1.1667,108.9667,26.82,80,48,1.78,ID,1618361156
Henties Bay,-22.116,14.2845,27.78,26,0,1.79,NA,1618361157
Oranjemund,-28.55,16.4333,21.07,51,0,1.9,NA,1618361157
Vila Franca do Campo,37.7167,-25.4333,16.0,94,75,4.63,PT,1618361157
Dagana,16.5165,-15.5068,32.0,22,0,1.03,MR,1618361158
Dabat,12.9842,37.765,13.93,42,34,1.42,ET,1618361158
Chapleau,47.8405,-83.4034,8.0,61,75,3.09,CA,1618360934
Sherghāti,24.5667,84.7833,21.0,40,0,2.86,IN,1618361159
Bubaque,11.2833,-15.8333,25.34,80,3,7.37,GW,1618361160
Kozhva,65.1073,57.0459,4.37,97,100,2.99,RU,1618361160
Chachapoyas,-6.2317,-77.869,10.57,95,32,1.47,PE,1618361160
Santa Cruz del Sur,20.7147,-77.9956,25.73,68,19,8.06,CU,1618361161
Patos,-7.0244,-37.28,25.92,72,75,0.92,BR,1618361162
Dicabisagan,17.0818,122.4157,27.31,78,100,2.85,PH,1618361162
Lac du Bonnet,50.2536,-96.0612,-1.11,100,100,4.02,CA,1618361163
Samfya,-11.3649,29.5565,16.82,92,89,3.68,ZM,1618361163
Ambon City,-3.6954,128.1814,27.0,83,40,1.54,ID,1618361164
Port Macquarie,-31.4333,152.9167,25.0,60,0,0.45,AU,1618361164
Waddān,29.1614,16.139,15.72,73,12,6.36,LY,1618361165
Acajutla,13.5928,-89.8275,24.44,91,95,0.89,SV,1618361147
Koupéla,12.1794,-0.3517,32.29,27,18,1.76,BF,1618361166
Kaihua,23.3687,104.28,20.11,80,100,2.88,CN,1618361166
Kiryat Gat,31.61,34.7642,12.78,64,0,2.73,IL,1618360925
Ilebo,-4.3167,20.5833,20.69,97,100,0.14,CD,1618361167
Knysna,-34.0363,23.0471,14.0,100,0,2.06,ZA,1618361168
Mimongo,-1.6195,11.6068,20.4,97,100,0.46,GA,1618361168
Kichera,55.9375,110.0997,-2.21,73,31,1.33,RU,1618361169
Osinovo,55.8809,48.881,4.0,75,0,2.0,RU,1618361169
Pacific Grove,36.6177,-121.9166,13.33,74,6,2.24,US,1618361010
Presidencia Roque Sáenz Peña,-26.7852,-60.4388,20.56,78,66,0.45,AR,1618361170
Kota Kinabalu,5.9749,116.0724,29.0,70,20,0.51,MY,1618361171
Xudat,41.631,48.681,10.36,66,73,1.31,AZ,1618361171
Mindelo,16.8901,-24.9804,22.27,71,100,7.98,CV,1618361172
Tooele,40.5308,-112.2983,12.0,43,75,3.6,US,1618361172
Innisfail,-17.5333,146.0333,25.0,67,75,2.24,AU,1618361104
Fes,34.0372,-4.9998,17.0,77,0,1.99,MA,1618361162
Dorado,18.4588,-66.2677,27.0,74,40,0.59,PR,1618361173
Carnot,4.9409,15.8665,21.55,89,100,0.06,CF,1618361174
Yamada,39.4667,141.95,12.86,75,100,3.89,JP,1618361174
Luanda,-8.8368,13.2343,25.71,82,100,2.78,AO,1618360992
Alihe,50.5667,123.7167,0.09,29,60,2.11,CN,1618361175
Guía de Isora,28.2115,-16.7795,19.44,82,20,0.51,ES,1618361175
Goundam,16.4145,-3.6708,29.91,11,1,2.66,ML,1618361176
Kailua,21.4022,-157.7394,28.0,53,40,4.63,US,1618361176
Benjamin Constant,-4.3831,-70.0311,24.0,100,40,1.03,BR,1618361177
Morondava,-20.2833,44.2833,24.33,81,98,3.74,MG,1618361177
Young,-32.6833,-57.6333,13.84,75,0,3.38,UY,1618361178
Kumul,42.8,93.45,12.46,19,0,0.88,CN,1618361178
Okha,53.5739,142.9478,0.21,99,100,4.37,RU,1618361179
Chernyshevskiy,63.0128,112.4714,-5.24,86,7,3.11,RU,1618361179
Tampere,61.4991,23.7871,1.11,93,90,2.57,FI,1618361179
Mulegé,26.8833,-111.9833,25.72,38,100,1.58,MX,1618361180
Domoni,-12.2569,44.5319,26.39,81,100,2.6,KM,1618361180
San Miguel de Cauri,-10.1,-76.5833,7.68,82,99,1.13,PE,1618361181
Karlivka,49.4567,35.1295,6.88,90,91,2.72,UA,1618361181
Shihezi,44.3,86.0333,12.89,30,0,2.6,CN,1618361182
Praia,14.9215,-23.5087,22.69,69,3,7.14,CV,1618361182
Boysun,38.2061,67.1986,11.49,63,100,2.82,UZ,1618361183
Ancud,-41.8697,-73.8203,15.0,88,75,1.03,CL,1618361061
Borovoy,55.4333,86.0833,1.0,64,0,6.0,RU,1618361183
Bambanglipuro,-7.95,110.2833,26.92,77,8,0.91,ID,1618361184
San Jose,37.3394,-121.895,18.33,48,20,6.69,US,1618360920
Kyabram,-36.3167,145.05,20.0,48,62,0.45,AU,1618361185
Marevo,57.3146,32.0804,10.36,97,100,1.63,RU,1618361185
Taoudenni,22.6783,-3.9836,32.98,10,100,3.54,ML,1618361186
Shirokiy,49.758,129.523,-1.58,39,100,7.03,RU,1618361186
Laas,46.6166,10.7002,-4.0,58,0,3.6,IT,1618361187
Barcelona,41.3888,2.159,13.89,87,20,1.54,ES,1618360932
Gizo Government Station,-8.103,156.8419,28.22,71,95,2.04,SB,1618361187
Nokha,27.6,73.4167,25.35,15,100,4.05,IN,1618361188
Srednekolymsk,67.45,153.6833,-10.9,71,24,2.59,RU,1618361188
Sur,22.5667,59.5289,28.28,40,9,2.96,OM,1618361189
Kamariótissa,40.4833,25.4667,12.0,82,20,2.06,GR,1618361189
Sept-Îles,50.2001,-66.3821,3.33,75,20,1.48,CA,1618361190
Ambulu,-8.345,113.6058,26.63,79,12,1.11,ID,1618361190
Kigoma,-4.8769,29.6267,21.82,82,100,2.23,TZ,1618361191
Goulburn,-34.75,149.7167,19.44,48,78,9.28,AU,1618361191
Slave Lake,55.2834,-114.769,12.0,20,1,5.66,CA,1618361104
Sucúa,-2.4667,-78.1667,20.07,98,97,0.96,EC,1618361192
Borogontsy,62.6683,131.1683,-6.08,80,52,2.36,RU,1618361192
Saint Anthony,45.0205,-93.218,1.11,75,90,4.63,US,1618361193
Khalkhāl,37.6189,48.5258,8.87,45,0,2.7,IR,1618361193
Chilliwack,49.1747,-121.9443,19.0,16,0,4.63,CA,1618360930
Brae,60.3964,-1.353,6.0,70,42,6.69,GB,1618361194
Obodivka,48.4051,29.2477,8.89,78,100,3.72,UA,1618361195
Glasgow,55.8652,-4.2576,2.22,100,7,2.06,GB,1618361037
San Andrés,12.5847,-81.7006,28.0,78,75,5.14,CO,1618361196
Lahān,26.7296,86.4951,26.69,13,0,2.17,NP,1618361196
Manta,-0.95,-80.7333,28.0,74,40,2.06,EC,1618361069
College,64.8569,-147.8028,9.0,39,75,2.06,US,1618361197
Marsh Harbour,26.5412,-77.0636,23.62,71,0,9.45,BS,1618361197
Sambava,-14.2667,50.1667,23.6,91,100,3.05,MG,1618360938
Utinga,-5.8172,-35.3954,28.0,89,40,1.54,BR,1618361198
